name,phone,message
,7665913562,
,7688895615,
,7725972677,
,7727843144,
,7728031565,
,7733043825,
,7733095171,
,7737027722,
,7737359882,
,7737713099,
,7742002166,
,7742143362,
,7742146257,
,7742369333,
,7742831653,
,7877598022,
,7877944599,
,7878390872,
,7878891183,
,7976249763,
,7976371353,
,7976735711,
,8003185535,
,8003408457,
,8003420619,
,8003447768,
,8003858685,
,8005570816,
,8005931831,
,8058254219,
,8058756703,
,8058765886,
,8058843180,
,8079092485,
,8080131460,
,8104769939,
,8107643212,
,8112252019,
,8131974830,
,8209697172,
,8209725802,
,8209951618,
,8209999153,
,8278661322,
,8279251025,
,8290826767,
,8302075483,
,8302774401,
,8306032338,
,8426075755,
,8529355523,
,8619138520,
,8619163020,
,8619372815,
,8619420932,
,8619978326,
,8652341173,
,8690337231,
,8696028453,
,8696829288,
,8740905249,
,8740951951,
,8764689994,
,8769001658,
,8769231521,
,8769259595,
,8769338521,
,8769512396,
,8823933991,
,8875048795,
,8875303383,
,8875402008,
,8890152945,
,8890469877,
,8890505996,
,8949043596,
,8949567412,
,8949666180,
,8949768646,
,8955001066,
,8955768517,
,8955822486,
,8957984191,
,8967124630,
,9001121081,
,9001122631,
,9001174438,
,9001184084,
,9001444888,
,9024978953,
,9057194675,
,9057243944,
,9137759434,
,9145851821,
,9166188141,
,9166203195,
,9166260695,
,9166290794,
,9166291523,
,9166740143,
,9166838683,
,9214614150,
,9214677357,
,9214877832,
,9214933276,
,9252602055,
,9252984040,
,9314411780,
,9314901009,
,9320873330,
,9323108552,
,9351271928,
,9351573965,
,9352490696,
,9413042976,
,9413262399,
,9413319883,
,9413423629,
,9413700597,
,9413752027,
,9413772628,
,9413772629,
,9414171190,
,9414171261,
,9414172303,
,9414232842,
,9414235623,
,9414316378,
,9414343988,
,9414344003,
,9414473092,
,9414867048,
,9460075464,
,9460725760,
,9460824829,
,9460941213,
,9461259483,
,9468707424,
,9468708293,
,9488800461,
,9549221576,
,9571463478,
,9571491441,
,9588066676,
,9602711123,
,9610237100,
,9610388603,
,9636369121,
,9636555877,
,9636815142,
,9636887754,
,9649088855,
,9649337457,
,9660091544,
,9660430776,
,9660467141,
,9660789854,
,9664483618,
,9667261753,
,9667795547,
,9667809208,
,9672324762,
,9680594190,
,9680971137,
,9694274513,
,9694842396,
,9702699913,
,9710717600,
,9749082913,
,9769303510,
,9769372770,
,9772010008,
,9772419017,
,9772443331,
,9772600055,
,9772784084,
,9782695555,
,9782752999,
,9783123219,
,9783176126,
,9783860801,
,9784094363,
,9784495311,
,9784846399,
,9784943760,
,9785764279,
,9785876866,
,9799013539,
,9799122560,
,9799127352,
,9799494267,
,9799743775,
,9799923584,
,9799943180,
,9819109459,
,9819384637,
,9820727797,
,9828061051,
,9828100433,
,9828108280,
,9828225635,
,9828352562,
,9828521874,
,9828631187,
,9828745959,
,9828945056,
,9829043198,
,9829044141,
,9829079341,
,9829081198,
,9829113089,
,9829166848,
,9829232989,
,9829260906,
,9829262581,
,9829334348,
,9829344306,
,9829389934,
,9829401234,
,9829407937,
,9829415777,
,9829487992,
,9829512060,
,9829516977,
,9829518557,
,9829524707,
,9829547526,
,9829579919,
,9829597325,
,9829627513,
,9829785444,
,9829812221,
,9829818609,
,9829960055,
,9887814901,
,9926536700,
,9928110639,
,9928248356,
,9928764803,
,9929007098,
,9929042209,
,9950091598,
,9950129211,
,9950426171,
,9950456155,
,9950678499,
,9950752120,
,9950857255,
,9950893366,
,9982106536,
,9983232735,
,9983696955,
,9983722552,
,9983790228,
